[
  {
    "id": 11161,
    "date": "2022-11-28T13:32:30",
    "date_gmt": "2022-11-28T13:32:30",
    "guid": { "rendered": "https://nairobistreetkitchen.com/?p=11161" },
    "modified": "2022-11-28T13:33:32",
    "modified_gmt": "2022-11-28T13:33:32",
    "slug": "a-beautiful-roadside-affair-take-a-bite-out-of-indias-street-food-culture",
    "status": "publish",
    "type": "post",
    "link": "https://nairobistreetkitchen.com/a-beautiful-roadside-affair-take-a-bite-out-of-indias-street-food-culture/",
    "title": {
      "rendered": "A Beautiful Roadside Affair: Take a Bite Out of India\u2019s Street Food Culture"
    },
    "content": {
      "rendered": "<p><span data-contrast=\"auto\"><img decoding=\"async\" class=\"alignnone size-medium wp-image-11162\" src=\"https://nairobistreetkitchen.com/wp-content/uploads/2022/11/Desi-Loco-NSK-642x433.jpg\" alt=\"\" width=\"642\" height=\"433\" srcset=\"https://nairobistreetkitchen.com/wp-content/uploads/2022/11/Desi-Loco-NSK-642x433.jpg 642w, https://nairobistreetkitchen.com/wp-content/uploads/2022/11/Desi-Loco-NSK-322x217.jpg 322w, https://nairobistreetkitchen.com/wp-content/uploads/2022/11/Desi-Loco-NSK-768x518.jpg 768w, https://nairobistreetkitchen.com/wp-content/uploads/2022/11/Desi-Loco-NSK-600x405.jpg 600w, https://nairobistreetkitchen.com/wp-content/uploads/2022/11/Desi-Loco-NSK.jpg 889w\" sizes=\"(max-width: 642px) 100vw, 642px\" /></span></p>\n<p><span data-contrast=\"auto\">From masala chai to pani puri; from parathas to vada pav, Indian Street Food is a journey that no true-blue foodie should miss out on. When looking back upon its history, you\u2019ll come across vendors who claim to have served the Mughal Kings (who are we to say any different?) while others place the beginnings of the tradition with Mumbai factory cooks. Using the day\u2019s leftover vegetables and spices, they would create delicious, affordable meals for workers heading home after the midnight shift.\u00a0</span><span data-ccp-props=\"{&quot;201341983&quot;:0,&quot;335559740&quot;:276}\">\u00a0</span></p>\n<p aria-level=\"3\"><strong>Why Do People Love Indian Street Food So Much?\u00a0\u00a0</strong></p>\n<p><span data-contrast=\"auto\">Whatever the origins, there is no doubt that when it comes to street food, India tops the charts. From pani puris, affectionately known as the flavorful bombs of Bengal, to chole bhature, a spicy and hearty chickpea curry, Indian street food is an assault on all the senses, in the best way possible.\u00a0</span><span data-ccp-props=\"{&quot;201341983&quot;:0,&quot;335559740&quot;:276}\">\u00a0</span></p>\n<p><span data-ccp-props=\"{&quot;201341983&quot;:0,&quot;335559740&quot;:276}\">\u00a0</span></p>\n<p><span data-contrast=\"auto\">These aromatic, bright, and delicious treats are as diverse and colorful as the country itself. Known for their authentic taste, variety, and easy accessibility, they have quickly become a worldwide sensation.\u00a0</span><span data-ccp-props=\"{&quot;201341983&quot;:0,&quot;335559740&quot;:276}\">\u00a0</span></p>\n<p><span data-ccp-props=\"{&quot;201341983&quot;:0,&quot;335559740&quot;:276}\">\u00a0</span></p>\n<p><span data-contrast=\"auto\">Some of the reasons why Indian street food has seen such a quick global rise include:\u00a0</span><span data-ccp-props=\"{&quot;201341983&quot;:0,&quot;335559740&quot;:276}\">\u00a0</span></p>\n<p><span data-ccp-props=\"{&quot;201341983&quot;:0,&quot;335559740&quot;:276}\">\u00a0</span></p>\n<ol>\n<li data-leveltext=\"%1.\" data-font=\"Calibri\" data-listid=\"1\" data-list-defn-props=\"{&quot;335552541&quot;:0,&quot;335559684&quot;:-1,&quot;335559685&quot;:720,&quot;335559991&quot;:360,&quot;469769242&quot;:[65533,0],&quot;469777803&quot;:&quot;left&quot;,&quot;469777804&quot;:&quot;%1.&quot;,&quot;469777815&quot;:&quot;multilevel&quot;}\" aria-setsize=\"-1\" data-aria-posinset=\"1\" data-aria-level=\"1\"><b><span data-contrast=\"auto\">It Brings People Together. </span></b><span data-contrast=\"auto\">Street food opens the doors for people of all cultures, class, and races to share and enjoy a delicious meal. In doing so, it becomes a universal language for people to cherish their unity and diversity.\u00a0</span><span data-ccp-props=\"{&quot;201341983&quot;:0,&quot;335559740&quot;:276}\">\u00a0</span></li>\n</ol>\n<p><span data-ccp-props=\"{&quot;201341983&quot;:0,&quot;335559685&quot;:720,&quot;335559740&quot;:276}\">\u00a0</span></p>\n<ol>\n<li data-leveltext=\"%1.\" data-font=\"Calibri\" data-listid=\"1\" data-list-defn-props=\"{&quot;335552541&quot;:0,&quot;335559684&quot;:-1,&quot;335559685&quot;:720,&quot;335559991&quot;:360,&quot;469769242&quot;:[65533,0],&quot;469777803&quot;:&quot;left&quot;,&quot;469777804&quot;:&quot;%1.&quot;,&quot;469777815&quot;:&quot;multilevel&quot;}\" aria-setsize=\"-1\" data-aria-posinset=\"2\" data-aria-level=\"1\"><b><span data-contrast=\"auto\">It\u2019s Authentic. </span></b><span data-contrast=\"auto\">Indian street food may surprise you with some modern twists now and then, but in most cases, the focus remains strongly on traditional flavor. The simplicity and original recipes are delicately and respectfully preserved so you can discover the rich history behind every delicious (and spicy!) bite.\u00a0</span><span data-ccp-props=\"{&quot;201341983&quot;:0,&quot;335559740&quot;:276}\">\u00a0</span></li>\n</ol>\n<p><span data-ccp-props=\"{&quot;201341983&quot;:0,&quot;335559685&quot;:720,&quot;335559740&quot;:276}\">\u00a0</span></p>\n<ol>\n<li data-leveltext=\"%1.\" data-font=\"Calibri\" data-listid=\"1\" data-list-defn-props=\"{&quot;335552541&quot;:0,&quot;335559684&quot;:-1,&quot;335559685&quot;:720,&quot;335559991&quot;:360,&quot;469769242&quot;:[65533,0],&quot;469777803&quot;:&quot;left&quot;,&quot;469777804&quot;:&quot;%1.&quot;,&quot;469777815&quot;:&quot;multilevel&quot;}\" aria-setsize=\"-1\" data-aria-posinset=\"3\" data-aria-level=\"1\"><b><span data-contrast=\"auto\">It Offers Unmatched Diversity. </span></b><span data-contrast=\"auto\">Almost every country has its own street food traditions, from the Pad Thai stalls in Thailand to the tamales and tacos of Mexico, but the diversity of Indian street food makes it special. From bhel puris and speakeasy sandwiches, to thali spreads and banana-leaf steamed fish, India is home to an extraordinary smorgasbord of street food across its twenty nine states.\u00a0</span><span data-ccp-props=\"{&quot;201341983&quot;:0,&quot;335559740&quot;:276}\">\u00a0</span></li>\n</ol>\n<p><span data-ccp-props=\"{&quot;201341983&quot;:0,&quot;335559685&quot;:720,&quot;335559740&quot;:276}\">\u00a0</span></p>\n<ol>\n<li data-leveltext=\"%1.\" data-font=\"Calibri\" data-listid=\"1\" data-list-defn-props=\"{&quot;335552541&quot;:0,&quot;335559684&quot;:-1,&quot;335559685&quot;:720,&quot;335559991&quot;:360,&quot;469769242&quot;:[65533,0],&quot;469777803&quot;:&quot;left&quot;,&quot;469777804&quot;:&quot;%1.&quot;,&quot;469777815&quot;:&quot;multilevel&quot;}\" aria-setsize=\"-1\" data-aria-posinset=\"4\" data-aria-level=\"1\"><b><span data-contrast=\"auto\">It\u2019s a Sensory Experience. </span></b><span data-contrast=\"auto\">There is more to Indian street food than meets the eye &#8211; it\u2019s a true treat for all your senses. You\u2019ll witness the cooking process, smell the food and hear the sounds all at once. You aren\u2019t just touching or tasting it, but experiencing it as a whole when observing the fresh quality of ingredients, the expert way the food is handled, and the pure joy of creating a dish out of love.\u00a0</span><span data-ccp-props=\"{&quot;201341983&quot;:0,&quot;335559740&quot;:276}\">\u00a0</span></li>\n</ol>\n<p><span data-ccp-props=\"{&quot;201341983&quot;:0,&quot;335559740&quot;:276}\">\u00a0</span></p>\n<p aria-level=\"3\"><strong>Welcome to Desi Loco\u00a0</strong></p>\n<p><span data-contrast=\"auto\">It\u2019s a true spectacle over here at Desi Loco! With the authentic flavors of India and the vibrant energy of the markets, railways, and streets, Desi Loco brings a one-of-a-kind dining experience to Kenya. We have a passion to eat, a passion to cook, and a passion to share &#8211; so come on in and fill your belly with all the crunchy, tangy, and delightful Indian street snacks you want!\u00a0</span><span data-ccp-props=\"{&quot;201341983&quot;:0,&quot;335559740&quot;:276}\">\u00a0</span></p>\n<p><span data-ccp-props=\"{&quot;201341983&quot;:0,&quot;335559740&quot;:276}\">\u00a0</span></p>\n<p><span data-contrast=\"auto\">While our lively space evokes the feel of old-world, urban India, our modern dishes, craft cocktails, and bright pink Mumbai-inspired dining bus brings a whole load of fun to the diverse and flavorful cuisine. Here, you\u2019re not just a bystander. Our food is fresh and prepared right in front of you, making you an important part of the process.\u00a0</span><span data-ccp-props=\"{&quot;201341983&quot;:0,&quot;335559740&quot;:276}\">\u00a0</span></p>\n<p aria-level=\"4\"><strong>Take Your Taste Buds on an Adventure Like No Other\u00a0\u00a0\u00a0</strong></p>\n<p><span data-contrast=\"auto\">Desi Loco calls up the aromas and taste of foods found on India\u2019s iconic bustling streets and you can begin that discovery right in the heart of Nairobi. To find out more or to book your table today, contact us at +254 707 800 800 or </span><a href=\"mailto:info@nairobistreetkitchen.com\"><span data-contrast=\"none\">info@nairobistreetkitchen.com</span></a><span data-ccp-props=\"{&quot;201341983&quot;:0,&quot;335559740&quot;:276}\">\u00a0</span></p>\n<p><span data-ccp-props=\"{&quot;201341983&quot;:0,&quot;335559740&quot;:276}\">\u00a0</span></p>\n",
      "protected": false
    },
    "excerpt": {
      "rendered": "<p>From masala chai to pani puri; from parathas to vada pav, Indian Street Food is a journey that no true-blue foodie should miss out on. When looking back upon its history, you\u2019ll come across vendors who claim to have served the Mughal Kings (who are we to say any different?) while others place the beginnings [&hellip;]</p>\n",
      "protected": false
    },
    "author": 6,
    "featured_media": 11162,
    "comment_status": "closed",
    "ping_status": "closed",
    "sticky": false,
    "template": "",
    "format": "standard",
    "meta": [],
    "categories": [2],
    "tags": [],
    "jetpack_featured_media_url": "https://nairobistreetkitchen.com/wp-content/uploads/2022/11/Desi-Loco-NSK.jpg",
    "_links": {
      "self": [
        { "href": "https://nairobistreetkitchen.com/wp-json/wp/v2/posts/11161" }
      ],
      "collection": [
        { "href": "https://nairobistreetkitchen.com/wp-json/wp/v2/posts" }
      ],
      "about": [
        { "href": "https://nairobistreetkitchen.com/wp-json/wp/v2/types/post" }
      ],
      "author": [
        {
          "embeddable": true,
          "href": "https://nairobistreetkitchen.com/wp-json/wp/v2/users/6"
        }
      ],
      "replies": [
        {
          "embeddable": true,
          "href": "https://nairobistreetkitchen.com/wp-json/wp/v2/comments?post=11161"
        }
      ],
      "version-history": [
        {
          "count": 2,
          "href": "https://nairobistreetkitchen.com/wp-json/wp/v2/posts/11161/revisions"
        }
      ],
      "predecessor-version": [
        {
          "id": 11164,
          "href": "https://nairobistreetkitchen.com/wp-json/wp/v2/posts/11161/revisions/11164"
        }
      ],
      "wp:featuredmedia": [
        {
          "embeddable": true,
          "href": "https://nairobistreetkitchen.com/wp-json/wp/v2/media/11162"
        }
      ],
      "wp:attachment": [
        {
          "href": "https://nairobistreetkitchen.com/wp-json/wp/v2/media?parent=11161"
        }
      ],
      "wp:term": [
        {
          "taxonomy": "category",
          "embeddable": true,
          "href": "https://nairobistreetkitchen.com/wp-json/wp/v2/categories?post=11161"
        },
        {
          "taxonomy": "post_tag",
          "embeddable": true,
          "href": "https://nairobistreetkitchen.com/wp-json/wp/v2/tags?post=11161"
        }
      ],
      "curies": [
        { "name": "wp", "href": "https://api.w.org/{rel}", "templated": true }
      ]
    }
  },
  {
    "id": 11132,
    "date": "2022-11-11T06:35:43",
    "date_gmt": "2022-11-11T06:35:43",
    "guid": { "rendered": "https://nairobistreetkitchen.com/?p=11132" },
    "modified": "2022-11-17T08:36:45",
    "modified_gmt": "2022-11-17T08:36:45",
    "slug": "formula-1-brazilian-grand-prix",
    "status": "publish",
    "type": "post",
    "link": "https://nairobistreetkitchen.com/formula-1-brazilian-grand-prix/",
    "title": { "rendered": "Formula 1 &#8211; Brazilian Grand Prix" },
    "content": {
      "rendered": "<p><img decoding=\"async\" class=\"aligncenter wp-image-11133 size-full\" src=\"https://nairobistreetkitchen.com/wp-content/uploads/2022/11/WhatsApp-Image-2022-11-04-at-9.44.21-AM.jpeg\" alt=\"\" width=\"1080\" height=\"1080\" srcset=\"https://nairobistreetkitchen.com/wp-content/uploads/2022/11/WhatsApp-Image-2022-11-04-at-9.44.21-AM.jpeg 1080w, https://nairobistreetkitchen.com/wp-content/uploads/2022/11/WhatsApp-Image-2022-11-04-at-9.44.21-AM-433x433.jpeg 433w, https://nairobistreetkitchen.com/wp-content/uploads/2022/11/WhatsApp-Image-2022-11-04-at-9.44.21-AM-867x867.jpeg 867w, https://nairobistreetkitchen.com/wp-content/uploads/2022/11/WhatsApp-Image-2022-11-04-at-9.44.21-AM-217x217.jpeg 217w, https://nairobistreetkitchen.com/wp-content/uploads/2022/11/WhatsApp-Image-2022-11-04-at-9.44.21-AM-768x768.jpeg 768w, https://nairobistreetkitchen.com/wp-content/uploads/2022/11/WhatsApp-Image-2022-11-04-at-9.44.21-AM-32x32.jpeg 32w, https://nairobistreetkitchen.com/wp-content/uploads/2022/11/WhatsApp-Image-2022-11-04-at-9.44.21-AM-720x720.jpeg 720w, https://nairobistreetkitchen.com/wp-content/uploads/2022/11/WhatsApp-Image-2022-11-04-at-9.44.21-AM-200x200.jpeg 200w, https://nairobistreetkitchen.com/wp-content/uploads/2022/11/WhatsApp-Image-2022-11-04-at-9.44.21-AM-300x300.jpeg 300w, https://nairobistreetkitchen.com/wp-content/uploads/2022/11/WhatsApp-Image-2022-11-04-at-9.44.21-AM-600x600.jpeg 600w, https://nairobistreetkitchen.com/wp-content/uploads/2022/11/WhatsApp-Image-2022-11-04-at-9.44.21-AM-100x100.jpeg 100w\" sizes=\"(max-width: 1080px) 100vw, 1080px\" /></p>\n",
      "protected": false
    },
    "excerpt": { "rendered": "", "protected": false },
    "author": 6,
    "featured_media": 11133,
    "comment_status": "closed",
    "ping_status": "closed",
    "sticky": false,
    "template": "",
    "format": "standard",
    "meta": [],
    "categories": [40],
    "tags": [],
    "jetpack_featured_media_url": "https://nairobistreetkitchen.com/wp-content/uploads/2022/11/WhatsApp-Image-2022-11-04-at-9.44.21-AM.jpeg",
    "_links": {
      "self": [
        { "href": "https://nairobistreetkitchen.com/wp-json/wp/v2/posts/11132" }
      ],
      "collection": [
        { "href": "https://nairobistreetkitchen.com/wp-json/wp/v2/posts" }
      ],
      "about": [
        { "href": "https://nairobistreetkitchen.com/wp-json/wp/v2/types/post" }
      ],
      "author": [
        {
          "embeddable": true,
          "href": "https://nairobistreetkitchen.com/wp-json/wp/v2/users/6"
        }
      ],
      "replies": [
        {
          "embeddable": true,
          "href": "https://nairobistreetkitchen.com/wp-json/wp/v2/comments?post=11132"
        }
      ],
      "version-history": [
        {
          "count": 1,
          "href": "https://nairobistreetkitchen.com/wp-json/wp/v2/posts/11132/revisions"
        }
      ],
      "predecessor-version": [
        {
          "id": 11134,
          "href": "https://nairobistreetkitchen.com/wp-json/wp/v2/posts/11132/revisions/11134"
        }
      ],
      "wp:featuredmedia": [
        {
          "embeddable": true,
          "href": "https://nairobistreetkitchen.com/wp-json/wp/v2/media/11133"
        }
      ],
      "wp:attachment": [
        {
          "href": "https://nairobistreetkitchen.com/wp-json/wp/v2/media?parent=11132"
        }
      ],
      "wp:term": [
        {
          "taxonomy": "category",
          "embeddable": true,
          "href": "https://nairobistreetkitchen.com/wp-json/wp/v2/categories?post=11132"
        },
        {
          "taxonomy": "post_tag",
          "embeddable": true,
          "href": "https://nairobistreetkitchen.com/wp-json/wp/v2/tags?post=11132"
        }
      ],
      "curies": [
        { "name": "wp", "href": "https://api.w.org/{rel}", "templated": true }
      ]
    }
  },
  {
    "id": 11129,
    "date": "2022-11-09T06:33:14",
    "date_gmt": "2022-11-09T06:33:14",
    "guid": { "rendered": "https://nairobistreetkitchen.com/?p=11129" },
    "modified": "2022-11-09T06:33:41",
    "modified_gmt": "2022-11-09T06:33:41",
    "slug": "latino-night",
    "status": "publish",
    "type": "post",
    "link": "https://nairobistreetkitchen.com/latino-night/",
    "title": { "rendered": "Latino Night" },
    "content": {
      "rendered": "<p><img decoding=\"async\" class=\"aligncenter wp-image-11130 size-full\" src=\"https://nairobistreetkitchen.com/wp-content/uploads/2022/11/WhatsApp-Image-2022-11-02-at-8.24.16-AM.jpeg\" alt=\"\" width=\"576\" height=\"1024\" srcset=\"https://nairobistreetkitchen.com/wp-content/uploads/2022/11/WhatsApp-Image-2022-11-02-at-8.24.16-AM.jpeg 576w, https://nairobistreetkitchen.com/wp-content/uploads/2022/11/WhatsApp-Image-2022-11-02-at-8.24.16-AM-244x433.jpeg 244w, https://nairobistreetkitchen.com/wp-content/uploads/2022/11/WhatsApp-Image-2022-11-02-at-8.24.16-AM-488x867.jpeg 488w, https://nairobistreetkitchen.com/wp-content/uploads/2022/11/WhatsApp-Image-2022-11-02-at-8.24.16-AM-122x217.jpeg 122w, https://nairobistreetkitchen.com/wp-content/uploads/2022/11/WhatsApp-Image-2022-11-02-at-8.24.16-AM-405x720.jpeg 405w\" sizes=\"(max-width: 576px) 100vw, 576px\" /></p>\n",
      "protected": false
    },
    "excerpt": { "rendered": "", "protected": false },
    "author": 6,
    "featured_media": 11130,
    "comment_status": "closed",
    "ping_status": "closed",
    "sticky": false,
    "template": "",
    "format": "standard",
    "meta": [],
    "categories": [40],
    "tags": [],
    "jetpack_featured_media_url": "https://nairobistreetkitchen.com/wp-content/uploads/2022/11/WhatsApp-Image-2022-11-02-at-8.24.16-AM.jpeg",
    "_links": {
      "self": [
        { "href": "https://nairobistreetkitchen.com/wp-json/wp/v2/posts/11129" }
      ],
      "collection": [
        { "href": "https://nairobistreetkitchen.com/wp-json/wp/v2/posts" }
      ],
      "about": [
        { "href": "https://nairobistreetkitchen.com/wp-json/wp/v2/types/post" }
      ],
      "author": [
        {
          "embeddable": true,
          "href": "https://nairobistreetkitchen.com/wp-json/wp/v2/users/6"
        }
      ],
      "replies": [
        {
          "embeddable": true,
          "href": "https://nairobistreetkitchen.com/wp-json/wp/v2/comments?post=11129"
        }
      ],
      "version-history": [
        {
          "count": 1,
          "href": "https://nairobistreetkitchen.com/wp-json/wp/v2/posts/11129/revisions"
        }
      ],
      "predecessor-version": [
        {
          "id": 11131,
          "href": "https://nairobistreetkitchen.com/wp-json/wp/v2/posts/11129/revisions/11131"
        }
      ],
      "wp:featuredmedia": [
        {
          "embeddable": true,
          "href": "https://nairobistreetkitchen.com/wp-json/wp/v2/media/11130"
        }
      ],
      "wp:attachment": [
        {
          "href": "https://nairobistreetkitchen.com/wp-json/wp/v2/media?parent=11129"
        }
      ],
      "wp:term": [
        {
          "taxonomy": "category",
          "embeddable": true,
          "href": "https://nairobistreetkitchen.com/wp-json/wp/v2/categories?post=11129"
        },
        {
          "taxonomy": "post_tag",
          "embeddable": true,
          "href": "https://nairobistreetkitchen.com/wp-json/wp/v2/tags?post=11129"
        }
      ],
      "curies": [
        { "name": "wp", "href": "https://api.w.org/{rel}", "templated": true }
      ]
    }
  },
  {
    "id": 11118,
    "date": "2022-11-09T06:17:20",
    "date_gmt": "2022-11-09T06:17:20",
    "guid": { "rendered": "https://nairobistreetkitchen.com/?p=11118" },
    "modified": "2022-11-09T06:31:32",
    "modified_gmt": "2022-11-09T06:31:32",
    "slug": "usanii-sessions-shari-afrika",
    "status": "publish",
    "type": "post",
    "link": "https://nairobistreetkitchen.com/usanii-sessions-shari-afrika/",
    "title": { "rendered": "Usanii Sessions &#8211; Shari Afrika" },
    "content": {
      "rendered": "<p><img decoding=\"async\" class=\"aligncenter wp-image-11123 size-full\" src=\"https://nairobistreetkitchen.com/wp-content/uploads/2022/11/usanii-Shari-1-2.jpg\" alt=\"\" width=\"1000\" height=\"1000\" srcset=\"https://nairobistreetkitchen.com/wp-content/uploads/2022/11/usanii-Shari-1-2.jpg 1000w, https://nairobistreetkitchen.com/wp-content/uploads/2022/11/usanii-Shari-1-2-433x433.jpg 433w, https://nairobistreetkitchen.com/wp-content/uploads/2022/11/usanii-Shari-1-2-867x867.jpg 867w, https://nairobistreetkitchen.com/wp-content/uploads/2022/11/usanii-Shari-1-2-217x217.jpg 217w, https://nairobistreetkitchen.com/wp-content/uploads/2022/11/usanii-Shari-1-2-768x768.jpg 768w, https://nairobistreetkitchen.com/wp-content/uploads/2022/11/usanii-Shari-1-2-32x32.jpg 32w, https://nairobistreetkitchen.com/wp-content/uploads/2022/11/usanii-Shari-1-2-720x720.jpg 720w, https://nairobistreetkitchen.com/wp-content/uploads/2022/11/usanii-Shari-1-2-200x200.jpg 200w, https://nairobistreetkitchen.com/wp-content/uploads/2022/11/usanii-Shari-1-2-300x300.jpg 300w, https://nairobistreetkitchen.com/wp-content/uploads/2022/11/usanii-Shari-1-2-600x600.jpg 600w, https://nairobistreetkitchen.com/wp-content/uploads/2022/11/usanii-Shari-1-2-100x100.jpg 100w\" sizes=\"(max-width: 1000px) 100vw, 1000px\" /></p>\n",
      "protected": false
    },
    "excerpt": { "rendered": "", "protected": false },
    "author": 6,
    "featured_media": 11119,
    "comment_status": "closed",
    "ping_status": "closed",
    "sticky": false,
    "template": "",
    "format": "standard",
    "meta": [],
    "categories": [40],
    "tags": [],
    "jetpack_featured_media_url": "https://nairobistreetkitchen.com/wp-content/uploads/2022/11/usanii-Shari-1.jpg",
    "_links": {
      "self": [
        { "href": "https://nairobistreetkitchen.com/wp-json/wp/v2/posts/11118" }
      ],
      "collection": [
        { "href": "https://nairobistreetkitchen.com/wp-json/wp/v2/posts" }
      ],
      "about": [
        { "href": "https://nairobistreetkitchen.com/wp-json/wp/v2/types/post" }
      ],
      "author": [
        {
          "embeddable": true,
          "href": "https://nairobistreetkitchen.com/wp-json/wp/v2/users/6"
        }
      ],
      "replies": [
        {
          "embeddable": true,
          "href": "https://nairobistreetkitchen.com/wp-json/wp/v2/comments?post=11118"
        }
      ],
      "version-history": [
        {
          "count": 3,
          "href": "https://nairobistreetkitchen.com/wp-json/wp/v2/posts/11118/revisions"
        }
      ],
      "predecessor-version": [
        {
          "id": 11128,
          "href": "https://nairobistreetkitchen.com/wp-json/wp/v2/posts/11118/revisions/11128"
        }
      ],
      "wp:featuredmedia": [
        {
          "embeddable": true,
          "href": "https://nairobistreetkitchen.com/wp-json/wp/v2/media/11119"
        }
      ],
      "wp:attachment": [
        {
          "href": "https://nairobistreetkitchen.com/wp-json/wp/v2/media?parent=11118"
        }
      ],
      "wp:term": [
        {
          "taxonomy": "category",
          "embeddable": true,
          "href": "https://nairobistreetkitchen.com/wp-json/wp/v2/categories?post=11118"
        },
        {
          "taxonomy": "post_tag",
          "embeddable": true,
          "href": "https://nairobistreetkitchen.com/wp-json/wp/v2/tags?post=11118"
        }
      ],
      "curies": [
        { "name": "wp", "href": "https://api.w.org/{rel}", "templated": true }
      ]
    }
  },
  {
    "id": 11113,
    "date": "2022-11-09T06:11:48",
    "date_gmt": "2022-11-09T06:11:48",
    "guid": { "rendered": "https://nairobistreetkitchen.com/?p=11113" },
    "modified": "2022-11-09T06:30:40",
    "modified_gmt": "2022-11-09T06:30:40",
    "slug": "radanz-the-pamoja-project",
    "status": "publish",
    "type": "post",
    "link": "https://nairobistreetkitchen.com/radanz-the-pamoja-project/",
    "title": { "rendered": "Radanz &#038; The Pamoja Project" },
    "content": {
      "rendered": "<p><img decoding=\"async\" class=\"aligncenter wp-image-11114 size-full\" src=\"https://nairobistreetkitchen.com/wp-content/uploads/2022/11/SS-IG-1.jpg\" alt=\"\" width=\"1210\" height=\"1210\" srcset=\"https://nairobistreetkitchen.com/wp-content/uploads/2022/11/SS-IG-1.jpg 1210w, https://nairobistreetkitchen.com/wp-content/uploads/2022/11/SS-IG-1-768x768.jpg 768w, https://nairobistreetkitchen.com/wp-content/uploads/2022/11/SS-IG-1-32x32.jpg 32w, https://nairobistreetkitchen.com/wp-content/uploads/2022/11/SS-IG-1-720x720.jpg 720w, https://nairobistreetkitchen.com/wp-content/uploads/2022/11/SS-IG-1-200x200.jpg 200w, https://nairobistreetkitchen.com/wp-content/uploads/2022/11/SS-IG-1-300x300.jpg 300w, https://nairobistreetkitchen.com/wp-content/uploads/2022/11/SS-IG-1-600x600.jpg 600w, https://nairobistreetkitchen.com/wp-content/uploads/2022/11/SS-IG-1-100x100.jpg 100w\" sizes=\"(max-width: 1210px) 100vw, 1210px\" /></p>\n",
      "protected": false
    },
    "excerpt": { "rendered": "", "protected": false },
    "author": 6,
    "featured_media": 11116,
    "comment_status": "closed",
    "ping_status": "closed",
    "sticky": false,
    "template": "",
    "format": "standard",
    "meta": [],
    "categories": [40],
    "tags": [],
    "jetpack_featured_media_url": "https://nairobistreetkitchen.com/wp-content/uploads/2022/11/SS-IG-1-1.jpg",
    "_links": {
      "self": [
        { "href": "https://nairobistreetkitchen.com/wp-json/wp/v2/posts/11113" }
      ],
      "collection": [
        { "href": "https://nairobistreetkitchen.com/wp-json/wp/v2/posts" }
      ],
      "about": [
        { "href": "https://nairobistreetkitchen.com/wp-json/wp/v2/types/post" }
      ],
      "author": [
        {
          "embeddable": true,
          "href": "https://nairobistreetkitchen.com/wp-json/wp/v2/users/6"
        }
      ],
      "replies": [
        {
          "embeddable": true,
          "href": "https://nairobistreetkitchen.com/wp-json/wp/v2/comments?post=11113"
        }
      ],
      "version-history": [
        {
          "count": 2,
          "href": "https://nairobistreetkitchen.com/wp-json/wp/v2/posts/11113/revisions"
        }
      ],
      "predecessor-version": [
        {
          "id": 11127,
          "href": "https://nairobistreetkitchen.com/wp-json/wp/v2/posts/11113/revisions/11127"
        }
      ],
      "wp:featuredmedia": [
        {
          "embeddable": true,
          "href": "https://nairobistreetkitchen.com/wp-json/wp/v2/media/11116"
        }
      ],
      "wp:attachment": [
        {
          "href": "https://nairobistreetkitchen.com/wp-json/wp/v2/media?parent=11113"
        }
      ],
      "wp:term": [
        {
          "taxonomy": "category",
          "embeddable": true,
          "href": "https://nairobistreetkitchen.com/wp-json/wp/v2/categories?post=11113"
        },
        {
          "taxonomy": "post_tag",
          "embeddable": true,
          "href": "https://nairobistreetkitchen.com/wp-json/wp/v2/tags?post=11113"
        }
      ],
      "curies": [
        { "name": "wp", "href": "https://api.w.org/{rel}", "templated": true }
      ]
    }
  },
  {
    "id": 11094,
    "date": "2022-11-09T05:42:19",
    "date_gmt": "2022-11-09T05:42:19",
    "guid": { "rendered": "https://nairobistreetkitchen.com/?p=11094" },
    "modified": "2022-11-09T06:29:59",
    "modified_gmt": "2022-11-09T06:29:59",
    "slug": "g-tea-time",
    "status": "publish",
    "type": "post",
    "link": "https://nairobistreetkitchen.com/g-tea-time/",
    "title": {
      "rendered": "G &#038; Tea Time &#8211; Gin Cocktails &#038; High Tea"
    },
    "content": {
      "rendered": "<p><img decoding=\"async\" class=\"aligncenter wp-image-11125 \" src=\"https://nairobistreetkitchen.com/wp-content/uploads/2022/11/GIN-2.png\" alt=\"\" width=\"853\" height=\"853\" srcset=\"https://nairobistreetkitchen.com/wp-content/uploads/2022/11/GIN-2.png 512w, https://nairobistreetkitchen.com/wp-content/uploads/2022/11/GIN-2-433x433.png 433w, https://nairobistreetkitchen.com/wp-content/uploads/2022/11/GIN-2-217x217.png 217w, https://nairobistreetkitchen.com/wp-content/uploads/2022/11/GIN-2-32x32.png 32w, https://nairobistreetkitchen.com/wp-content/uploads/2022/11/GIN-2-200x200.png 200w, https://nairobistreetkitchen.com/wp-content/uploads/2022/11/GIN-2-300x300.png 300w, https://nairobistreetkitchen.com/wp-content/uploads/2022/11/GIN-2-100x100.png 100w\" sizes=\"(max-width: 853px) 100vw, 853px\" /></p>\n",
      "protected": false
    },
    "excerpt": { "rendered": "", "protected": false },
    "author": 6,
    "featured_media": 11095,
    "comment_status": "closed",
    "ping_status": "closed",
    "sticky": false,
    "template": "",
    "format": "standard",
    "meta": [],
    "categories": [40],
    "tags": [],
    "jetpack_featured_media_url": "https://nairobistreetkitchen.com/wp-content/uploads/2022/11/WhatsApp-Image-2022-11-02-at-8.24.19-AM.jpeg",
    "_links": {
      "self": [
        { "href": "https://nairobistreetkitchen.com/wp-json/wp/v2/posts/11094" }
      ],
      "collection": [
        { "href": "https://nairobistreetkitchen.com/wp-json/wp/v2/posts" }
      ],
      "about": [
        { "href": "https://nairobistreetkitchen.com/wp-json/wp/v2/types/post" }
      ],
      "author": [
        {
          "embeddable": true,
          "href": "https://nairobistreetkitchen.com/wp-json/wp/v2/users/6"
        }
      ],
      "replies": [
        {
          "embeddable": true,
          "href": "https://nairobistreetkitchen.com/wp-json/wp/v2/comments?post=11094"
        }
      ],
      "version-history": [
        {
          "count": 6,
          "href": "https://nairobistreetkitchen.com/wp-json/wp/v2/posts/11094/revisions"
        }
      ],
      "predecessor-version": [
        {
          "id": 11126,
          "href": "https://nairobistreetkitchen.com/wp-json/wp/v2/posts/11094/revisions/11126"
        }
      ],
      "wp:featuredmedia": [
        {
          "embeddable": true,
          "href": "https://nairobistreetkitchen.com/wp-json/wp/v2/media/11095"
        }
      ],
      "wp:attachment": [
        {
          "href": "https://nairobistreetkitchen.com/wp-json/wp/v2/media?parent=11094"
        }
      ],
      "wp:term": [
        {
          "taxonomy": "category",
          "embeddable": true,
          "href": "https://nairobistreetkitchen.com/wp-json/wp/v2/categories?post=11094"
        },
        {
          "taxonomy": "post_tag",
          "embeddable": true,
          "href": "https://nairobistreetkitchen.com/wp-json/wp/v2/tags?post=11094"
        }
      ],
      "curies": [
        { "name": "wp", "href": "https://api.w.org/{rel}", "templated": true }
      ]
    }
  },
  {
    "id": 11090,
    "date": "2022-11-09T05:39:55",
    "date_gmt": "2022-11-09T05:39:55",
    "guid": { "rendered": "https://nairobistreetkitchen.com/?p=11090" },
    "modified": "2022-11-09T06:28:05",
    "modified_gmt": "2022-11-09T06:28:05",
    "slug": "elysium",
    "status": "publish",
    "type": "post",
    "link": "https://nairobistreetkitchen.com/elysium/",
    "title": { "rendered": "Elysium" },
    "content": {
      "rendered": "<p><img decoding=\"async\" class=\"aligncenter wp-image-11107 size-full\" src=\"https://nairobistreetkitchen.com/wp-content/uploads/2022/11/Elysium.jpeg\" alt=\"\" width=\"1098\" height=\"1108\" srcset=\"https://nairobistreetkitchen.com/wp-content/uploads/2022/11/Elysium.jpeg 1098w, https://nairobistreetkitchen.com/wp-content/uploads/2022/11/Elysium-768x775.jpeg 768w, https://nairobistreetkitchen.com/wp-content/uploads/2022/11/Elysium-32x32.jpeg 32w, https://nairobistreetkitchen.com/wp-content/uploads/2022/11/Elysium-714x720.jpeg 714w, https://nairobistreetkitchen.com/wp-content/uploads/2022/11/Elysium-600x605.jpeg 600w, https://nairobistreetkitchen.com/wp-content/uploads/2022/11/Elysium-100x100.jpeg 100w\" sizes=\"(max-width: 1098px) 100vw, 1098px\" /></p>\n",
      "protected": false
    },
    "excerpt": { "rendered": "", "protected": false },
    "author": 6,
    "featured_media": 11117,
    "comment_status": "closed",
    "ping_status": "closed",
    "sticky": false,
    "template": "",
    "format": "standard",
    "meta": [],
    "categories": [40],
    "tags": [],
    "jetpack_featured_media_url": "https://nairobistreetkitchen.com/wp-content/uploads/2022/11/WhatsApp-Image-2022-10-31-at-8.08.34-PM-1.jpeg",
    "_links": {
      "self": [
        { "href": "https://nairobistreetkitchen.com/wp-json/wp/v2/posts/11090" }
      ],
      "collection": [
        { "href": "https://nairobistreetkitchen.com/wp-json/wp/v2/posts" }
      ],
      "about": [
        { "href": "https://nairobistreetkitchen.com/wp-json/wp/v2/types/post" }
      ],
      "author": [
        {
          "embeddable": true,
          "href": "https://nairobistreetkitchen.com/wp-json/wp/v2/users/6"
        }
      ],
      "replies": [
        {
          "embeddable": true,
          "href": "https://nairobistreetkitchen.com/wp-json/wp/v2/comments?post=11090"
        }
      ],
      "version-history": [
        {
          "count": 7,
          "href": "https://nairobistreetkitchen.com/wp-json/wp/v2/posts/11090/revisions"
        }
      ],
      "predecessor-version": [
        {
          "id": 11110,
          "href": "https://nairobistreetkitchen.com/wp-json/wp/v2/posts/11090/revisions/11110"
        }
      ],
      "wp:featuredmedia": [
        {
          "embeddable": true,
          "href": "https://nairobistreetkitchen.com/wp-json/wp/v2/media/11117"
        }
      ],
      "wp:attachment": [
        {
          "href": "https://nairobistreetkitchen.com/wp-json/wp/v2/media?parent=11090"
        }
      ],
      "wp:term": [
        {
          "taxonomy": "category",
          "embeddable": true,
          "href": "https://nairobistreetkitchen.com/wp-json/wp/v2/categories?post=11090"
        },
        {
          "taxonomy": "post_tag",
          "embeddable": true,
          "href": "https://nairobistreetkitchen.com/wp-json/wp/v2/tags?post=11090"
        }
      ],
      "curies": [
        { "name": "wp", "href": "https://api.w.org/{rel}", "templated": true }
      ]
    }
  },
  {
    "id": 11041,
    "date": "2022-08-17T17:13:26",
    "date_gmt": "2022-08-17T17:13:26",
    "guid": { "rendered": "https://nairobistreetkitchen.com/?p=11041" },
    "modified": "2022-08-18T07:11:46",
    "modified_gmt": "2022-08-18T07:11:46",
    "slug": "lets-go-local-5-reasons-why-you-should-be-supporting-kenyan-artists",
    "status": "publish",
    "type": "post",
    "link": "https://nairobistreetkitchen.com/lets-go-local-5-reasons-why-you-should-be-supporting-kenyan-artists/",
    "title": {
      "rendered": "Let\u2019s Go Local: 5 Reasons Why You Should Be Supporting Kenyan Artists"
    },
    "content": {
      "rendered": "<p>[vc_row][vc_column][vc_column_text]<span data-contrast=\"auto\">Nairobi\u2019s creative community has so much to offer, yet when it comes to buying artwork for our homes or offices, many of us are still hanging mass-produced prints on our walls. With so much incredible talent right in our own backyard, we can\u2019t help but wonder why.\u00a0</span><span data-ccp-props=\"{&quot;201341983&quot;:0,&quot;335559740&quot;:276}\">\u00a0</span></p>\n<p><span data-contrast=\"auto\">At Nairobi Street Kitchen, we truly believe that supporting local artists contributes to the success of the community, which is why we\u2019ve created a platform where art lovers can connect easily with Kenyan creatives of all experience levels and from all walks of life.\u00a0</span><span data-ccp-props=\"{&quot;201341983&quot;:0,&quot;335559740&quot;:276}\">\u00a0</span></p>\n<p><a href=\"https://nairobistreetkitchen.com/urban-arts-culture/\"><span data-contrast=\"none\">URBAN ARTS &amp; CULTURE AT NSK\u00a0</span></a><span data-ccp-props=\"{&quot;201341983&quot;:0,&quot;335559740&quot;:276}\">\u00a0</span></p>\n<p><span data-contrast=\"auto\">So whether you\u2019re looking for your first-ever original artwork, or you\u2019re an avid collector searching for that next special piece, here are 5 reasons why you should go local (you can thank us later).\u00a0</span><span data-ccp-props=\"{&quot;201341983&quot;:0,&quot;335559740&quot;:276}\">\u00a0</span><span data-ccp-props=\"{&quot;201341983&quot;:0,&quot;335559740&quot;:276}\">\u00a0</span></p>\n<p><b><span data-contrast=\"auto\">1. You\u2019ll Have a Stronger Connection to the Art </span></b><span data-ccp-props=\"{&quot;201341983&quot;:0,&quot;335559740&quot;:276}\">\u00a0</span></p>\n<p><span data-contrast=\"auto\">It\u2019s likely that you share everyday experiences, struggles, and joys with those living in your own community. Kenyan artists are so influenced by their local culture and hometown that they\u2019ll capture that familiarity in their work, allowing you to have a much stronger connection to it.\u00a0</span><span data-ccp-props=\"{&quot;201341983&quot;:0,&quot;335559740&quot;:276}\">\u00a0</span></p>\n<p><span data-contrast=\"auto\">More than that, because local art reflects the places and people in the region it was created, it cultivates a strong sense of cultural identity. You, or anyone visiting your space, will be able to see themselves reflected in the piece, and that sense of belonging is a very powerful thing.\u00a0</span><span data-ccp-props=\"{&quot;201341983&quot;:0,&quot;335559740&quot;:276}\">\u00a0</span></p>\n<p><b><span data-contrast=\"auto\">2. You\u2019ll Help Enrich the Cultural Fabric of Your City </span></b><span data-ccp-props=\"{&quot;201341983&quot;:0,&quot;335559740&quot;:276}\">\u00a0</span></p>\n<p><span data-contrast=\"auto\">Local artists contribute to the cultural well-being and growth of a community. Their work adds vibrancy to the city and can open us up to new ideas and ways of thinking. Their pieces also serve as a reflection of our history, culture, and current moment, whether that\u2019s through custom paintings, sidewalk art, or murals.\u00a0</span><span data-ccp-props=\"{&quot;201341983&quot;:0,&quot;335559740&quot;:276}\">\u00a0</span></p>\n<p><span data-contrast=\"auto\">While the tendency is to indulge in popular culture or store-bought prints, supporting Nairobi\u2019s creatives is essential in building our community. Not only will your purchase give them a voice and stronger presence, but supporting local artists will motivate them to work more, inevitably leading to a city that is financially and culturally richer and more valuable.\u00a0</span><span data-ccp-props=\"{&quot;201341983&quot;:0,&quot;335559740&quot;:276}\">\u00a0</span></p>\n<p><b><span data-contrast=\"auto\">3. You\u2019ll Be Able to Customize Your Piece</span></b><span data-ccp-props=\"{&quot;201341983&quot;:0,&quot;335559740&quot;:276}\">\u00a0</span></p>\n<p><span data-contrast=\"auto\">Custom artwork lets your personality and space shine in a way that no store-bought piece ever will. One of the biggest benefits of discovering an artist in your own community is that you can connect with them. Many welcome commissions and will create artwork tailored to your life and space.\u00a0</span><span data-ccp-props=\"{&quot;201341983&quot;:0,&quot;335559740&quot;:276}\">\u00a0</span><span data-ccp-props=\"{&quot;201341983&quot;:0,&quot;335559740&quot;:276}\">\u00a0</span></p>\n<p><span data-contrast=\"auto\">You might even get the opportunity to talk with the artist and understand them better. They can let you in on the emotions that drove the process, the true inspiration behind their work, or even make suggestions on what piece they would recommend based on your particular needs.\u00a0</span><span data-ccp-props=\"{&quot;201341983&quot;:0,&quot;335559740&quot;:276}\">\u00a0</span><span data-ccp-props=\"{&quot;201341983&quot;:0,&quot;335559740&quot;:276}\">\u00a0</span></p>\n<p><b><span data-contrast=\"auto\">4. You\u2019ll Strengthen Your Local Economy </span></b><span data-ccp-props=\"{&quot;201341983&quot;:0,&quot;335559740&quot;:276}\">\u00a0</span></p>\n<p><span data-contrast=\"auto\">When you buy from local retailers, be it a piece of art, fresh produce, or artisanal goods, you\u2019re taking important steps to support your local economy &#8211; something that is now more important than ever. By investing in the work of a local artist, the money cycles back into your community, and everyone does better for it.\u00a0</span><span data-ccp-props=\"{&quot;201341983&quot;:0,&quot;335559740&quot;:276}\">\u00a0</span></p>\n<p><i><span data-contrast=\"auto\">You\u2019ll Also Do Your Part for the Environment\u00a0</span></i><span data-ccp-props=\"{&quot;201341983&quot;:0,&quot;335559740&quot;:276}\">\u00a0</span></p>\n<p><span data-contrast=\"auto\">Many Kenyan artists craft their pieces from materials they find in nature or in local recycle businesses, and some even reuse their own scrap parts. So in addition to helping your economy, buying local will give you the chance to do your part in building a more sustainable and eco-friendly future.\u00a0</span><span data-ccp-props=\"{&quot;201341983&quot;:0,&quot;335559740&quot;:276}\">\u00a0</span></p>\n<p><a href=\"https://nairobistreetkitchen.com/urban-arts-culture/\"><span data-contrast=\"none\">READ ABOUT OUR ECO-FRIENDLY ARTISTS\u00a0</span></a><span data-ccp-props=\"{&quot;201341983&quot;:0,&quot;335559740&quot;:276}\">\u00a0</span></p>\n<p>&nbsp;</p>\n<p><b><span data-contrast=\"auto\">5. Shopping Locally Makes For a Fun Experience </span></b><span data-ccp-props=\"{&quot;201341983&quot;:0,&quot;335559740&quot;:276}\">\u00a0</span></p>\n<p><span data-contrast=\"auto\">Shopping online for mass produced prints may be convenient, but nothing beats the experience of visiting an indoor market or a thriving local hangout when searching for your next art piece.\u00a0</span><span data-ccp-props=\"{&quot;201341983&quot;:0,&quot;335559740&quot;:276}\">\u00a0</span></p>\n<p><span data-contrast=\"auto\">When you visit Nairobi Street Kitchen, not only will you be able to connect more with the creative community, but you\u2019ll also get to indulge in some great live music, sample awesome food and cocktails, and get handmade local art and other items from the </span><a href=\"https://nairobistreetkitchen.com/shop/\"><span data-contrast=\"none\">Nairobi Street Kiosk</span></a><span data-contrast=\"auto\">.\u00a0</span><span data-ccp-props=\"{&quot;201341983&quot;:0,&quot;335559740&quot;:276}\">\u00a0</span></p>\n<p><i><span data-contrast=\"auto\">Looking for your next gift idea?\u00a0</span></i><span data-ccp-props=\"{&quot;201341983&quot;:0,&quot;335559740&quot;:276}\">\u00a0</span></p>\n<p><span data-contrast=\"auto\">Candles are nice, but you can only give so many before that gets old. The gift of local art is truly unique, personal, and helps support local businesses all in one.\u00a0</span><span data-ccp-props=\"{&quot;201341983&quot;:0,&quot;335559740&quot;:276}\">\u00a0</span></p>\n<p aria-level=\"3\"><span data-contrast=\"none\">Local Shopping at Your Fingertips\u00a0</span><span data-ccp-props=\"{&quot;201341983&quot;:0,&quot;335559738&quot;:320,&quot;335559739&quot;:80,&quot;335559740&quot;:276}\">\u00a0</span></p>\n<p><span data-contrast=\"auto\">Our carefully-curated marketplace brings locally-made goods and entertainment to your fingertips. We\u2019re proud to connect the community with passionate creatives, musicians, and bespoke sellers, all in support of independent businesses and artists.\u00a0</span><span data-ccp-props=\"{&quot;201341983&quot;:0,&quot;335559740&quot;:276}\">\u00a0</span></p>\n<p><span data-ccp-props=\"{&quot;201341983&quot;:0,&quot;335559740&quot;:276}\">\u00a0</span></p>\n<p><span data-contrast=\"auto\">To discover more about how you can support local businesses, contact us at +254 707 800 800 or </span><a href=\"mailto:info@nairobistreetkitchen.com\"><span data-contrast=\"none\">info@nairobistreetkitchen.com</span></a><span data-ccp-props=\"{&quot;201341983&quot;:0,&quot;335559740&quot;:276}\">\u00a0</span></p>\n<p>[/vc_column_text][/vc_column][/vc_row]</p>\n",
      "protected": false
    },
    "excerpt": {
      "rendered": "<p>[vc_row][vc_column][vc_column_text]Nairobi\u2019s creative community has so much to offer, yet when it comes to buying artwork for our homes or offices, many of us are still hanging mass-produced prints on our walls. With so much incredible talent right in our own backyard, we can\u2019t help but wonder why.\u00a0\u00a0 At Nairobi Street Kitchen, we truly believe that [&hellip;]</p>\n",
      "protected": false
    },
    "author": 6,
    "featured_media": 11048,
    "comment_status": "closed",
    "ping_status": "closed",
    "sticky": false,
    "template": "",
    "format": "standard",
    "meta": [],
    "categories": [2],
    "tags": [],
    "jetpack_featured_media_url": "https://nairobistreetkitchen.com/wp-content/uploads/2022/08/5-Reasons-Why-You-Should-Be-Supporting-Kenyan-Artistsx.jpg",
    "_links": {
      "self": [
        { "href": "https://nairobistreetkitchen.com/wp-json/wp/v2/posts/11041" }
      ],
      "collection": [
        { "href": "https://nairobistreetkitchen.com/wp-json/wp/v2/posts" }
      ],
      "about": [
        { "href": "https://nairobistreetkitchen.com/wp-json/wp/v2/types/post" }
      ],
      "author": [
        {
          "embeddable": true,
          "href": "https://nairobistreetkitchen.com/wp-json/wp/v2/users/6"
        }
      ],
      "replies": [
        {
          "embeddable": true,
          "href": "https://nairobistreetkitchen.com/wp-json/wp/v2/comments?post=11041"
        }
      ],
      "version-history": [
        {
          "count": 5,
          "href": "https://nairobistreetkitchen.com/wp-json/wp/v2/posts/11041/revisions"
        }
      ],
      "predecessor-version": [
        {
          "id": 11049,
          "href": "https://nairobistreetkitchen.com/wp-json/wp/v2/posts/11041/revisions/11049"
        }
      ],
      "wp:featuredmedia": [
        {
          "embeddable": true,
          "href": "https://nairobistreetkitchen.com/wp-json/wp/v2/media/11048"
        }
      ],
      "wp:attachment": [
        {
          "href": "https://nairobistreetkitchen.com/wp-json/wp/v2/media?parent=11041"
        }
      ],
      "wp:term": [
        {
          "taxonomy": "category",
          "embeddable": true,
          "href": "https://nairobistreetkitchen.com/wp-json/wp/v2/categories?post=11041"
        },
        {
          "taxonomy": "post_tag",
          "embeddable": true,
          "href": "https://nairobistreetkitchen.com/wp-json/wp/v2/tags?post=11041"
        }
      ],
      "curies": [
        { "name": "wp", "href": "https://api.w.org/{rel}", "templated": true }
      ]
    }
  },
  {
    "id": 10974,
    "date": "2022-04-08T11:59:54",
    "date_gmt": "2022-04-08T11:59:54",
    "guid": { "rendered": "https://nairobistreetkitchen.com/?p=10974" },
    "modified": "2022-10-18T15:52:55",
    "modified_gmt": "2022-10-18T15:52:55",
    "slug": "4-simple-ways-to-ease-into-a-vegan-lifestyle-and-stick-to-it",
    "status": "publish",
    "type": "post",
    "link": "https://nairobistreetkitchen.com/4-simple-ways-to-ease-into-a-vegan-lifestyle-and-stick-to-it/",
    "title": {
      "rendered": "\u201c4 Simple Ways to Ease into a Vegan Lifestyle &#8211; and Stick to It\u201d"
    },
    "content": {
      "rendered": "<p>[vc_section][vc_row][vc_column width=&#8221;1/2&#8243; offset=&#8221;vc_col-lg-offset-2 vc_col-lg-8&#8243;][vc_column_text]Interested in becoming a vegan? You\u2019re not alone! This growing trend is no surprise &#8211; especially considering that it\u2019s one of the best ways to move towards a more compassionate way of living &#8211; for the animals, the planet, and your health.</p>\n<p>But if you\u2019ve been a lifelong meat-eater, it\u2019s hard to know where to start. Luckily, there are a few easy steps you can take to start this journey &#8211; and whether you\u2019re doing it for health reasons, ethical concerns, or just out of curiosity, you\u2019ve come to the right place!</p>\n<p>We\u2019ve outlined 4 simple steps that will help you ease into a plant-based lifestyle, and stick to it.[/vc_column_text][vc_column_text]</p>\n<h3>1. Be Clear on Your Reasons for Going Vegan</h3>\n<p>[/vc_column_text][vc_column_text]Before you begin this transition, make a list of all the reasons why you are going plant-based. There is no doubt that a vegan diet has many benefits, and some of the reasons why people are increasingly adopting this way of life include:</p>\n<ul>\n<li>Weight loss</li>\n<li>Long-term health benefits</li>\n<li>Compassion towards animals</li>\n<li>Environmental sustainability</li>\n</ul>\n<p>Remember that veganism is a significant lifestyle change that requires ongoing determination and commitment. Being completely clear as to why you want to make the shift will help you stick to it in the long run.[/vc_column_text][vc_column_text]</p>\n<h3>2. Look for Delicious Alternatives</h3>\n<p>[/vc_column_text][vc_column_text]One of the biggest challenges for new vegans is missing the taste of foods like chocolates, cheese, and burgers. If you\u2019re worried that the love of your old favorite foods could derail your new lifestyle, do your research and seek out some vegan-friendly swaps.</p>\n<p>Contrary to what you might have heard, going vegan doesn\u2019t mean grazing on raw veggies or having to survive on bland food! There is a whole world of tasty options out there, including vegan cheese and milk alternatives that will make this transition painless and oh-so-delicious![/vc_column_text][vc_column_text]</p>\n<h3>3. Learn Your Way Around a Vegan Kitchen</h3>\n<p>[/vc_column_text][vc_column_text]Vegan cooking is remarkably easy to learn and delivers all sorts of unexpected rewards. With just a little practice and exploration, you\u2019ll soon become an expert and invariably enjoy fresher, tastier meals with higher quality ingredients.</p>\n<p><em>Want to kickstart your meatless journey with a dish that not only satisfies your taste buds and fills you up, but also doesn\u2019t require a lot of prep work? Check out the delicious and simple vegan recipe from our chef below!</em>[/vc_column_text][vc_column_text]</p>\n<h3>Recipe: Whole Roasted Cauliflower Steak with NSK House Salad (Serves 3)</h3>\n<p>[/vc_column_text][vc_column_text el_class=&#8221;hide-content&#8221;]</p>\n<h4>NSK Products Used: <a href=\"https://nairobistreetkitchen.com/product/jamaican-jerk-rub/\">Jamaican Jerk Rub</a>, <a href=\"https://nairobistreetkitchen.com/product/salsa-macha/\">NSK Salsa Macha</a></h4>\n<p>[/vc_column_text][vc_column_text]</p>\n<h5>Ingredients for Cauliflower:</h5>\n<p>1 Medium Whole Head of Cauliflower (leaves picked, stems trimmed, but left on)<br />\n4 Tbsp Extra Virgin Olive Oil<br />\n2 Tbsp NSK Jamaican Jerk Rub<br />\n1 Tbsp NSK Salsa Macha<br />\n1 Tbsp Fresh Lemon Juice<br />\n1 Tsp Fresh Lemon Zest</p>\n<h5>Ingredients for NSK House Salad</h5>\n<p>1 Punnet Fresh Rocket Leaves<br />\n2 Tbsp Sun Dried Tomatoes (thinly sliced)<br />\n2 Tbsp Lemon Juice<br />\n4 Tbsp Olive Oil<br />\n2 Tbsp Raw Pumpkin Seeds<br />\nSalt and Pepper to taste</p>\n<h5>For the Cauliflower:</h5>\n<ol>\n<li>In a medium mixing bowl, combine the olive oil, Jamaican Jerk Rub, Salsa Macha, lemon juice and lemon zest and mix with a whisk or fork until well combined.</li>\n<li>Take the marination mix and rub well all over the cauliflower, reserving 1 tbsp of marination for after cooking.</li>\n<li>Preheat your oven to 165 Degrees Celsius, and when heated, place the marinated cauliflower in the oven for 27 minutes, or until tender when pierced with a fork.</li>\n</ol>\n<h5>For the Salad:</h5>\n<ol>\n<li>Combine lemon juice, olive oil, salt &amp; pepper, and whisk until fully emulsified.</li>\n<li>Add the sundried tomatoes to the rocket leaves in a separate bowl</li>\n<li>When ready to serve, combine the dressing to the rocket and sundried tomatoes and garnish with pumpkin seeds.</li>\n</ol>\n<h5>Serving</h5>\n<p>Serve the roasted cauliflower with the house salad to enjoy a high protein, healthy lunch or dinner. You can thank us later![/vc_column_text][vc_column_text]</p>\n<h3>4. Give Yourself a \u2018Cheat\u2019 Day</h3>\n<p>[/vc_column_text][vc_column_text]Going vegan may just be one of the best things you could ever do for your health and the environment, but no one said it would be easy! If you\u2019re ready to incorporate veganism into your day-to-day life, start by giving yourself an occasional \u2018cheat\u2019 day.</p>\n<p>Don\u2019t feel guilty about allowing yourself a few non-vegan comfort foods while you make this transition &#8211; it will give you the motivation to continue forward, one step at a time, into this wonderful and wholly compassionate lifestyle (and hey &#8211; doesn\u2019t that mean showing yourself some compassion too?)[/vc_column_text][vc_column_text]</p>\n<h2>We Promise Healthy Food and Happy Times</h2>\n<p>[/vc_column_text][vc_column_text]Our final piece of advice is: shamelessly indulge while exploring the meatless universe! Our diverse collection of restaurants and bars offer a huge variety of delicious vegan meals, snacks, desserts, and take-home products that even the most rigid of carnivores will rave about.</p>\n<p>To book a table or discover more about the locally produced, artisanal products available at our retail shop, contact us at <strong>+254 707 800 800</strong> or <a href=\"https://nairobistreetkitchen.com/contact-us/\">info@nairobistreetkitchen.com</a>.[/vc_column_text][/vc_column][/vc_row][/vc_section]</p>\n",
      "protected": false
    },
    "excerpt": {
      "rendered": "<p>[vc_section][vc_row][vc_column width=&#8221;1/2&#8243; offset=&#8221;vc_col-lg-offset-2 vc_col-lg-8&#8243;][vc_column_text]Interested in becoming a vegan? You\u2019re not alone! This growing trend is no surprise &#8211; especially considering that it\u2019s one of the best ways to move towards a more compassionate way of living &#8211; for the animals, the planet, and your health. But if you\u2019ve been a lifelong meat-eater, it\u2019s hard to [&hellip;]</p>\n",
      "protected": false
    },
    "author": 6,
    "featured_media": 10977,
    "comment_status": "closed",
    "ping_status": "closed",
    "sticky": false,
    "template": "",
    "format": "standard",
    "meta": [],
    "categories": [2],
    "tags": [384, 385],
    "jetpack_featured_media_url": "https://nairobistreetkitchen.com/wp-content/uploads/2022/04/stick-to-vegan.jpg",
    "_links": {
      "self": [
        { "href": "https://nairobistreetkitchen.com/wp-json/wp/v2/posts/10974" }
      ],
      "collection": [
        { "href": "https://nairobistreetkitchen.com/wp-json/wp/v2/posts" }
      ],
      "about": [
        { "href": "https://nairobistreetkitchen.com/wp-json/wp/v2/types/post" }
      ],
      "author": [
        {
          "embeddable": true,
          "href": "https://nairobistreetkitchen.com/wp-json/wp/v2/users/6"
        }
      ],
      "replies": [
        {
          "embeddable": true,
          "href": "https://nairobistreetkitchen.com/wp-json/wp/v2/comments?post=10974"
        }
      ],
      "version-history": [
        {
          "count": 7,
          "href": "https://nairobistreetkitchen.com/wp-json/wp/v2/posts/10974/revisions"
        }
      ],
      "predecessor-version": [
        {
          "id": 11064,
          "href": "https://nairobistreetkitchen.com/wp-json/wp/v2/posts/10974/revisions/11064"
        }
      ],
      "wp:featuredmedia": [
        {
          "embeddable": true,
          "href": "https://nairobistreetkitchen.com/wp-json/wp/v2/media/10977"
        }
      ],
      "wp:attachment": [
        {
          "href": "https://nairobistreetkitchen.com/wp-json/wp/v2/media?parent=10974"
        }
      ],
      "wp:term": [
        {
          "taxonomy": "category",
          "embeddable": true,
          "href": "https://nairobistreetkitchen.com/wp-json/wp/v2/categories?post=10974"
        },
        {
          "taxonomy": "post_tag",
          "embeddable": true,
          "href": "https://nairobistreetkitchen.com/wp-json/wp/v2/tags?post=10974"
        }
      ],
      "curies": [
        { "name": "wp", "href": "https://api.w.org/{rel}", "templated": true }
      ]
    }
  },
  {
    "id": 10909,
    "date": "2022-03-18T10:50:07",
    "date_gmt": "2022-03-18T10:50:07",
    "guid": { "rendered": "https://nairobistreetkitchen.com/?p=10909" },
    "modified": "2022-03-18T11:22:57",
    "modified_gmt": "2022-03-18T11:22:57",
    "slug": "latino-night-every-thursday-nsk",
    "status": "publish",
    "type": "post",
    "link": "https://nairobistreetkitchen.com/latino-night-every-thursday-nsk/",
    "title": { "rendered": "Latino Night &#8211; Every Thursday @ NSK" },
    "content": {
      "rendered": "<p><img decoding=\"async\" class=\"alignnone wp-image-10907\" src=\"https://nairobistreetkitchen.com/wp-content/uploads/2022/03/LATINO-NIGHT-web-2-1000.jpg\" alt=\"\" width=\"1000\" height=\"1500\" /></p>\n",
      "protected": false
    },
    "excerpt": { "rendered": "", "protected": false },
    "author": 6,
    "featured_media": 10918,
    "comment_status": "closed",
    "ping_status": "closed",
    "sticky": false,
    "template": "",
    "format": "standard",
    "meta": [],
    "categories": [40],
    "tags": [],
    "jetpack_featured_media_url": "https://nairobistreetkitchen.com/wp-content/uploads/2022/03/Latino-Night-post.jpg",
    "_links": {
      "self": [
        { "href": "https://nairobistreetkitchen.com/wp-json/wp/v2/posts/10909" }
      ],
      "collection": [
        { "href": "https://nairobistreetkitchen.com/wp-json/wp/v2/posts" }
      ],
      "about": [
        { "href": "https://nairobistreetkitchen.com/wp-json/wp/v2/types/post" }
      ],
      "author": [
        {
          "embeddable": true,
          "href": "https://nairobistreetkitchen.com/wp-json/wp/v2/users/6"
        }
      ],
      "replies": [
        {
          "embeddable": true,
          "href": "https://nairobistreetkitchen.com/wp-json/wp/v2/comments?post=10909"
        }
      ],
      "version-history": [
        {
          "count": 4,
          "href": "https://nairobistreetkitchen.com/wp-json/wp/v2/posts/10909/revisions"
        }
      ],
      "predecessor-version": [
        {
          "id": 10917,
          "href": "https://nairobistreetkitchen.com/wp-json/wp/v2/posts/10909/revisions/10917"
        }
      ],
      "wp:featuredmedia": [
        {
          "embeddable": true,
          "href": "https://nairobistreetkitchen.com/wp-json/wp/v2/media/10918"
        }
      ],
      "wp:attachment": [
        {
          "href": "https://nairobistreetkitchen.com/wp-json/wp/v2/media?parent=10909"
        }
      ],
      "wp:term": [
        {
          "taxonomy": "category",
          "embeddable": true,
          "href": "https://nairobistreetkitchen.com/wp-json/wp/v2/categories?post=10909"
        },
        {
          "taxonomy": "post_tag",
          "embeddable": true,
          "href": "https://nairobistreetkitchen.com/wp-json/wp/v2/tags?post=10909"
        }
      ],
      "curies": [
        { "name": "wp", "href": "https://api.w.org/{rel}", "templated": true }
      ]
    }
  }
]
